id,name,model_id:id,group_id:id,perm_read,perm_write,perm_create,perm_unlink
access_hr_skills_portal_access_admin,hr_skills_portal_access_admin,model_hr_skills_portal_access,base.group_system,1,1,1,1
access_hr_skills_portal_access_hr,hr_skills_portal_access_hr,model_hr_skills_portal_access,hr.group_hr_manager,1,1,1,1
access_hr_skills_portal_quick_grant_wizard,access_hr_skills_portal_quick_grant_wizard,model_hr_skills_portal_quick_grant_wizard,hr.group_hr_manager,1,1,1,1
access_hr_employee_skill_portal,hr_employee_skill_portal,hr_skills.model_hr_employee_skill,base.group_portal,1,0,0,0
access_hr_employee_portal_skills,hr_employee_portal_skills,hr.model_hr_employee,base.group_portal,1,0,0,0
access_hr_department_portal_skills,hr_department_portal_skills,hr.model_hr_department,base.group_portal,1,0,0,0
access_hr_skill_portal,hr_skill_portal,hr_skills.model_hr_skill,base.group_portal,1,0,0,0
access_hr_skill_level_portal,hr_skill_level_portal,hr_skills.model_hr_skill_level,base.group_portal,1,0,0,0
access_hr_skill_type_portal,hr_skill_type_portal,hr_skills.model_hr_skill_type,base.group_portal,1,0,0,0
